INSERT INTO authors(first_name, last_name) VALUES('John', 'Smith');
INSERT INTO authors(first_name, last_name) VALUES('Pablo', 'Sanchez');
INSERT INTO authors(first_name, last_name) VALUES('Gwen', 'White');
INSERT INTO authors(first_name, last_name) VALUES('Test', 'This');
INSERT INTO authors(first_name, last_name) VALUES('Other', 'Test');
INSERT INTO authors(first_name, last_name) VALUES('More', 'Data');
INSERT INTO authors(first_name, last_name) VALUES('Add', 'Stuff');
INSERT INTO authors(first_name, last_name) VALUES('Person', 'Name');
INSERT INTO authors(first_name, last_name) VALUES('The', 'Guy');
INSERT INTO authors(first_name, last_name) VALUES('The', 'Girl');
INSERT INTO authors(first_name, last_name) VALUES('Guy', 'The');
INSERT INTO authors(first_name, last_name) VALUES('Girl', 'Amar');
INSERT INTO authors(first_name, last_name) VALUES('Other', 'Amar');
INSERT INTO authors(first_name, last_name) VALUES('Yes', 'Amar');


INSERT INTO books(isbn, format, title, author_id) VALUES(1, 'Hardbound', 'title1', 1);
INSERT INTO books(isbn, format, title, author_id) VALUES(12, 'Paperback', 'title2', 2);
INSERT INTO books(isbn, format, title, author_id) VALUES(1, 'Paperback', 'title1', 3);
INSERT INTO books(isbn, format, title, author_id) VALUES(123, 'Digital Only', 'title3', 4);
INSERT INTO books(isbn, format, title, author_id) VALUES(1234, 'Paperback', 'title4', 5);
INSERT INTO books(isbn, format, title, author_id) VALUES(12345, 'Hardbound', 'title5', 6);
INSERT INTO books (isbn, format, title, author_id) VALUES (2, 'Paperback', 'Generic Title', 2);
INSERT INTO books (isbn, format, title, author_id) VALUES (3, 'Paperback', 'Generic Title', 2);
INSERT INTO books (isbn, format, title, author_id) VALUES (4, 'Paperback', 'Generic Title', 2);
INSERT INTO books (isbn, format, title, author_id) VALUES (5, 'Paperback', 'Generic Title', 2);
INSERT INTO books (isbn, format, title, author_id) VALUES (6, 'Paperback', 'Generic Title', 2);
INSERT INTO books (isbn, format, title, author_id) VALUES (7, 'Paperback', 'Generic Title', 2);
INSERT INTO books (isbn, format, title, author_id) VALUES (8, 'Paperback', 'Generic Title', 2);
INSERT INTO books (isbn, format, title, author_id) VALUES (9, 'Paperback', 'Generic Title', 2);
INSERT INTO books (isbn, format, title, author_id) VALUES (10, 'Paperback', 'Generic Title', 2);
INSERT INTO books (isbn, format, title, author_id) VALUES (11, 'Paperback', 'Generic Title', 2);
INSERT INTO books (isbn, format, title, author_id) VALUES (13, 'Paperback', 'Generic Title', 2);
INSERT INTO books (isbn, format, title, author_id) VALUES (14, 'Paperback', 'Generic Title', 2);
INSERT INTO books (isbn, format, title, author_id) VALUES (15, 'Paperback', 'Generic Title', 2);
INSERT INTO books (isbn, format, title, author_id) VALUES (16, 'Paperback', 'Generic Title', 2);
INSERT INTO books (isbn, format, title, author_id) VALUES (17, 'Paperback', 'Generic Title', 2);
INSERT INTO books (isbn, format, title, author_id) VALUES (18, 'Paperback', 'Generic Title', 2);
INSERT INTO books (isbn, format, title, author_id) VALUES (19, 'Paperback', 'Generic Title', 2);
INSERT INTO books (isbn, format, title, author_id) VALUES (20, 'Paperback', 'Generic Title', 2);
INSERT INTO books (isbn, format, title, author_id) VALUES (21, 'Paperback', 'Generic Title', 2);
INSERT INTO books (isbn, format, title, author_id) VALUES (22, 'Paperback', 'Generic Title', 2);
INSERT INTO books (isbn, format, title, author_id) VALUES (23, 'Paperback', 'Generic Title', 2);
INSERT INTO books (isbn, format, title, author_id) VALUES (24, 'Paperback', 'Generic Title', 2);
INSERT INTO books (isbn, format, title, author_id) VALUES (25, 'Paperback', 'Generic Title', 2);
INSERT INTO books (isbn, format, title, author_id) VALUES (26, 'Paperback', 'Generic Title', 2);
INSERT INTO books (isbn, format, title, author_id) VALUES (27, 'Paperback', 'Generic Title', 2);
INSERT INTO books (isbn, format, title, author_id) VALUES (28, 'Paperback', 'Generic Title', 2);
INSERT INTO books (isbn, format, title, author_id) VALUES (29, 'Paperback', 'Generic Title', 2);
INSERT INTO books (isbn, format, title, author_id) VALUES (30, 'Paperback', 'Generic Title', 2);
INSERT INTO books (isbn, format, title, author_id) VALUES (40, 'Paperback', 'Generic Title', 2);
INSERT INTO books (isbn, format, title, author_id) VALUES (41, 'Paperback', 'Generic Title', 2);
INSERT INTO books (isbn, format, title, author_id) VALUES (42, 'Paperback', 'Generic Title', 2);
INSERT INTO books (isbn, format, title, author_id) VALUES (43, 'Paperback', 'Generic Title', 2);
INSERT INTO books (isbn, format, title, author_id) VALUES (44, 'Paperback', 'Generic Title', 2);

INSERT INTO awards(award_name) VALUES('Book Award');
INSERT INTO awards(award_name) VALUES('Author Award');
INSERT INTO awards(award_name) VALUES('The Award');
INSERT INTO awards(award_name) VALUES('Other Award');
INSERT INTO awards(award_name) VALUES('Awesome Award');
INSERT INTO awards(award_name) VALUES('Cool Award');
INSERT INTO awards(award_name) VALUES('Smart Award');
INSERT INTO awards(award_name) VALUES('Big Award');
INSERT INTO awards(award_name) VALUES('Bigger Award');
INSERT INTO awards(award_name) VALUES('Biggest Award');
INSERT INTO awards(award_name) VALUES('Enormous Award');
INSERT INTO awards(award_name) VALUES('Gargantuan Award');

INSERT INTO author_awards (author_id, award_id) VALUES(2, 4);
INSERT INTO author_awards (author_id, award_id) VALUES(2, 3);
INSERT INTO author_awards (author_id, award_id) VALUES(2, 5);
INSERT INTO author_awards (author_id, award_id) VALUES(3, 3);
INSERT INTO author_awards (author_id, award_id) VALUES(3, 4);
INSERT INTO author_awards (author_id, award_id) VALUES(3, 5);
INSERT INTO author_awards (author_id, award_id) VALUES(4, 4);
INSERT INTO author_awards (author_id, award_id) VALUES(4, 5);
INSERT INTO author_awards (author_id, award_id) VALUES(5, 2);

INSERT INTO book_awards (isbn, format, award_id) VALUES(1, 'Hardbound', 1);
INSERT INTO book_awards (isbn, format, award_id) VALUES(1, 'Hardbound', 2);
INSERT INTO book_awards (isbn, format, award_id) VALUES(1, 'Hardbound', 3);
INSERT INTO book_awards (isbn, format, award_id) VALUES(12, 'Paperback', 3);
INSERT INTO book_awards (isbn, format, award_id) VALUES(12, 'Paperback', 4);
INSERT INTO book_awards (isbn, format, award_id) VALUES(12, 'Paperback', 5);
INSERT INTO book_awards (isbn, format, award_id) VALUES(12, 'Paperback', 6);
INSERT INTO book_awards (isbn, format, award_id) VALUES (2, 'Paperback', 2);
INSERT INTO book_awards (isbn, format, award_id) VALUES (3, 'Paperback', 2);
INSERT INTO book_awards (isbn, format, award_id) VALUES (4, 'Paperback', 2);
INSERT INTO book_awards (isbn, format, award_id) VALUES (5, 'Paperback', 2);
INSERT INTO book_awards (isbn, format, award_id) VALUES (6, 'Paperback', 2);
INSERT INTO book_awards (isbn, format, award_id) VALUES (7, 'Paperback', 2);
INSERT INTO book_awards (isbn, format, award_id) VALUES (8, 'Paperback', 2);
INSERT INTO book_awards (isbn, format, award_id) VALUES (9, 'Paperback', 2);
INSERT INTO book_awards (isbn, format, award_id) VALUES (10, 'Paperback', 2);
INSERT INTO book_awards (isbn, format, award_id) VALUES (11, 'Paperback', 2);
INSERT INTO book_awards (isbn, format, award_id) VALUES (13, 'Paperback', 2);
INSERT INTO book_awards (isbn, format, award_id) VALUES (14, 'Paperback', 2);
INSERT INTO book_awards (isbn, format, award_id) VALUES (15, 'Paperback', 2);
INSERT INTO book_awards (isbn, format, award_id) VALUES (16, 'Paperback', 2);
INSERT INTO book_awards (isbn, format, award_id) VALUES (17, 'Paperback', 2);
INSERT INTO book_awards (isbn, format, award_id) VALUES (18, 'Paperback', 2);
INSERT INTO book_awards (isbn, format, award_id) VALUES (19, 'Paperback', 2);
INSERT INTO book_awards (isbn, format, award_id) VALUES (20, 'Paperback', 2);
INSERT INTO book_awards (isbn, format, award_id) VALUES (21, 'Paperback', 2);
INSERT INTO book_awards (isbn, format, award_id) VALUES (22, 'Paperback', 2);
INSERT INTO book_awards (isbn, format, award_id) VALUES (23, 'Paperback', 2);
INSERT INTO book_awards (isbn, format, award_id) VALUES (24, 'Paperback', 2);
INSERT INTO book_awards (isbn, format, award_id) VALUES (25, 'Paperback', 2);
INSERT INTO book_awards (isbn, format, award_id) VALUES (26, 'Paperback', 2);
INSERT INTO book_awards (isbn, format, award_id) VALUES (27, 'Paperback', 2);
INSERT INTO book_awards (isbn, format, award_id) VALUES (28, 'Paperback', 2);
INSERT INTO book_awards (isbn, format, award_id) VALUES (29, 'Paperback', 2);
INSERT INTO book_awards (isbn, format, award_id) VALUES (30, 'Paperback', 2);
INSERT INTO book_awards (isbn, format, award_id) VALUES (40, 'Paperback', 2);
INSERT INTO book_awards (isbn, format, award_id) VALUES (41, 'Paperback', 2);
INSERT INTO book_awards (isbn, format, award_id) VALUES (42, 'Paperback', 2);
INSERT INTO book_awards (isbn, format, award_id) VALUES (43, 'Paperback', 2);
INSERT INTO book_awards (isbn, format, award_id) VALUES (44, 'Paperback', 2);

